{"Timing_Stats/Train_Process_Batch":0.000683903694152832,"_wandb":{"runtime":5225},"System/RAM Usage (MB)":1733,"Timing_Stats/Train_Epoch":0.05093774398167928,"_runtime":5225.931657687,"Train/Loss":0.017271322617307305,"_timestamp":1.7735386447940116e+09,"_step":2000,"Timing_Stats/Train_Train_Batch":0.04389143387476603,"Timing_Stats/Train_Data_Loading":0.006068181991577148,"Timing_Stats/Train_Log_Info":2.467632293701172e-06}